diagram_id,project_step,weeks,gate,svg_file,student_section,inputs,actions,safety,evidence,handoff
D01,Understand and approve,Weeks 1–2,G0,diagrams/step-01-understand-approve.svg,weeks-1-2-understand-and-approve,plain-language project brief | 5 V / 2 A / 50 °C limits | laboratory and course rules,Explain | Fix limits | Assign roles | Assess risk | Review,no construction before approval | no chemical work by students alone | unknown hazards stop the phase,one-paragraph mission | approved risk assessment | named team roles | baseline limits table,Proceed to calculations and printer coupons.
D02,Calculate and print coupons,Weeks 3–5,Preparation gate,diagrams/step-02-calculate-coupons.svg,weeks-3-5-hand-calculations-and-coupons,"trial length, width and thickness | copper resistivity | printer and material choice",Calculate area | Predict resistance | Predict heating | Print coupons | Update rules,convert units before calculating | guard hot printer surfaces | record failed coupons rather than hiding them,checked calculation sheet | three measured coupons | printer capability table | revised design rules,Use measured rules to build the loggers and freeze designs.
D03,Build the measurement tools,Weeks 4–7,G1,diagrams/step-03-build-loggers.svg,weeks-4-7-build-loggers,5 V current-limited supply | current shunt and voltage converter | four digital temperature sensors,Build fixture | Measure current | Measure sample | Add temperature | Calibrate,2.5 A fuse and main switch | guard load resistors | invalid sensor or 50 °C reading stops the test,wiring diagram | firmware and channel map | calibration table | fault and stop test record,Provide verified measurements to the software phase.
D04,Write simple calculation software,Weeks 6–9,G2,diagrams/step-04-write-software.svg,weeks-6-9-write-simple-software,mission limits | geometry and material values | Comma-Separated Values measurement format,Store inputs | Calculate | Read data | Test code | Report,software never replaces the physical stop | retain original raw data | failed tests block later analysis,readable source files | automated test results | example input dataset | reproducible report output,Use the verified model during design freeze and testing.
D05,Freeze and print three designs,Weeks 8–11,G3 / G4 preparation,diagrams/step-05-freeze-print-designs.svg,weeks-8-11-freeze-and-print-designs,coupon-derived print rules | electrical predictions | common 100 mm × 30 mm envelope,Design A | Design B | Design C | Freeze | Print and label,qualify both nozzles on coupons | do not change frozen geometry silently | inspect sharp or failed prints before use,three frozen design files | nine labelled bases | dimension and mass record | failed-print and change log,Release identified samples to supervised seeding and plating.
D06,Apply conductive seed and copper,Weeks 11–14,G4,diagrams/step-06-seed-plate.svg,weeks-11-14-seed-and-plate,clean labelled bases and coupons | approved printed or applied seed | approved copper-plating process,Clean and mask | Apply seed | Check coupons | Plate copper | Rinse and inspect,laboratory owns chemistry and waste | approved Personal Protective Equipment | no student bath changes or unsupervised plating,completed process travellers | seed resistance and voltage-drop record | before/after mass and photographs | defect and continuity map,Release plated samples only after laboratory and traceability review.
D07,Test all nine samples,Weeks 15–18,G5,diagrams/step-07-test-samples.svg,weeks-15-18-test,nine plated samples | verified fixture and loggers | randomized sample order,Inspect | Connect | Run levels | Repeat | Compare,"stop above 2 A or at 50 °C | stop on invalid sensor or loose connection | stop for smoke, smell or unexpected heating",raw time-series tables | resistance and temperature plots | uncertainty note | three-design comparison and yield,Select one repair-ready sample for controlled damage.
D08,"Damage, repair and retest",Weeks 19–21,G6,diagrams/step-08-damage-repair.svg,weeks-19-21-damage-and-repair,tested repair-ready sample | approved damage location | repair mask and laboratory access,Original | Damage | Measure | Repair | Retest,contain sharp edges and particles | record damage before repair | repair plating remains laboratory controlled,original/damaged/repaired dataset | matched photographs | repair time and material cost | electrical and thermal recovery result,Send the complete evidence package to business comparison and reporting.
D09,"Explain, present and decide",Weeks 22–24,G7,diagrams/step-09-explain-present.svg,weeks-22-24-explain-and-present,source code and calculations | manufacturing and test evidence | Bill of Materials and actual costs,Validate | Compare value | Explain limits | Review | Recommend,separate facts from interpretation | do not hide failures or uncertainty | do not claim industrial or commercial proof,first-year engineering report | one-page business summary | reproducible data and code package | final presentation and decision,Archive the project passport and approved next-step recommendation.
